{"routers":{"assessment_management":{"name":"assessment_management","version":"2025-08-26T11:39:34","disableAuth":false},"free_tier":{"name":"free_tier","version":"2025-08-26T20:47:36","disableAuth":false},"enterprise_profile":{"name":"enterprise_profile","version":"2025-08-11T08:59:44","disableAuth":false},"pricing_analytics":{"name":"pricing_analytics","version":"2025-08-11T06:34:41","disableAuth":false},"admin_notifications":{"name":"admin_notifications","version":"2025-09-01T12:55:18","disableAuth":false},"admin_sanctions":{"name":"admin_sanctions","version":"2025-09-01T12:59:14","disableAuth":false},"product_classification":{"name":"product_classification","version":"2025-08-30T07:09:27","disableAuth":false},"static_serve":{"name":"static_serve","version":"2025-09-25T18:52:31","disableAuth":false},"monitoring_analytics":{"name":"monitoring_analytics","version":"2025-08-30T07:09:28","disableAuth":false},"kb_data":{"name":"kb_data","version":"2025-09-25T11:17:38","disableAuth":false},"classification":{"name":"classification","version":"2025-08-04T15:36:09","disableAuth":false},"document_references":{"name":"document_references","version":"2025-09-01T13:04:20","disableAuth":false},"user_profile":{"name":"user_profile","version":"2025-08-20T12:19:03","disableAuth":false},"document_sections":{"name":"document_sections","version":"2025-09-01T12:45:24","disableAuth":false},"risk_assessment":{"name":"risk_assessment","version":"2025-08-27T09:59:49","disableAuth":false},"sanctions":{"name":"sanctions","version":"2025-09-01T12:48:10","disableAuth":false},"user_management":{"name":"user_management","version":"2025-08-12T11:13:04","disableAuth":false},"automated_billing":{"name":"automated_billing","version":"2025-09-01T13:00:18","disableAuth":false},"introduction":{"name":"introduction","version":"2025-08-04T08:53:33","disableAuth":false},"critical_products":{"name":"critical_products","version":"2025-09-01T12:51:34","disableAuth":false},"customer_products":{"name":"customer_products","version":"2025-08-30T07:07:51","disableAuth":false},"critical_countries":{"name":"critical_countries","version":"2025-08-28T01:46:14","disableAuth":false},"document_comparison":{"name":"document_comparison","version":"2025-09-01T12:51:30","disableAuth":false},"community_chat":{"name":"community_chat","version":"2025-09-23T10:55:13","disableAuth":false},"document_management":{"name":"document_management","version":"2025-08-28T05:33:24","disableAuth":false},"billing_management":{"name":"billing_management","version":"2025-09-01T10:45:24","disableAuth":false},"knowledge_base":{"name":"knowledge_base","version":"2025-09-26T06:39:37","disableAuth":false},"saved_searches":{"name":"saved_searches","version":"2025-08-12T12:46:55","disableAuth":false},"email_service":{"name":"email_service","version":"2025-08-26T19:25:10","disableAuth":false},"customer_transactions":{"name":"customer_transactions","version":"2025-08-28T04:04:58","disableAuth":false},"country_restrictions":{"name":"country_restrictions","version":"2025-09-01T13:04:21","disableAuth":false},"widget_generator":{"name":"widget_generator","version":"2025-08-01T17:08:12","disableAuth":false},"alerts":{"name":"alerts","version":"2025-09-01T12:55:15","disableAuth":false},"automation":{"name":"automation","version":"2025-09-01T13:00:20","disableAuth":false},"document_metadata":{"name":"document_metadata","version":"2025-09-01T12:43:41","disableAuth":false},"widget_search":{"name":"widget_search","version":"2025-08-01T17:02:20","disableAuth":false},"pending_documents":{"name":"pending_documents","version":"2025-08-19T14:17:34","disableAuth":false},"regulatory_monitoring":{"name":"regulatory_monitoring","version":"2025-08-20T12:22:38","disableAuth":false},"user_submissions":{"name":"user_submissions","version":"2025-08-24T05:35:12","disableAuth":false},"document_processing":{"name":"document_processing","version":"2025-09-01T13:04:21","disableAuth":false},"export":{"name":"export","version":"2025-08-28T02:54:59","disableAuth":false},"sanctions_list_management":{"name":"sanctions_list_management","version":"2025-08-10T13:44:29","disableAuth":false},"annotations":{"name":"annotations","version":"2025-08-20T12:21:19","disableAuth":false},"document_upload":{"name":"document_upload","version":"2025-09-25T10:20:34","disableAuth":false},"document_pricing":{"name":"document_pricing","version":"2025-09-01T12:46:20","disableAuth":false},"sanctions_search":{"name":"sanctions_search","version":"2025-08-07T11:01:13","disableAuth":false},"analytics":{"name":"analytics","version":"2025-08-04T08:46:18","disableAuth":false},"customer_screening":{"name":"customer_screening","version":"2025-08-22T09:05:48","disableAuth":false},"content_management":{"name":"content_management","version":"2025-09-01T13:04:22","disableAuth":false},"categories":{"name":"categories","version":"2025-07-16T20:21:17","disableAuth":false},"team_management":{"name":"team_management","version":"2025-08-12T19:38:47","disableAuth":false},"end_use_checks":{"name":"end_use_checks","version":"2025-08-22T09:07:51","disableAuth":false},"classification_autosave":{"name":"classification_autosave","version":"2025-09-01T12:49:53","disableAuth":false},"pdf_reports":{"name":"pdf_reports","version":"2025-08-28T02:42:22","disableAuth":false},"public_images":{"name":"public_images","version":"2025-09-25T18:50:14","disableAuth":false},"usage_monitoring":{"name":"usage_monitoring","version":"2025-08-22T12:45:08","disableAuth":false},"risk_templates":{"name":"risk_templates","version":"2025-09-01T12:07:38","disableAuth":false},"document_collaboration":{"name":"document_collaboration","version":"2025-09-01T12:55:19","disableAuth":false},"support_system":{"name":"support_system","version":"2025-09-01T06:49:11","disableAuth":false},"invitation_system":{"name":"invitation_system","version":"2025-08-22T07:11:33","disableAuth":false},"widget_management":{"name":"widget_management","version":"2025-08-01T17:02:20","disableAuth":false},"payment_system":{"name":"payment_system","version":"2025-09-03T13:47:03","disableAuth":false},"credit_management":{"name":"credit_management","version":"2025-09-01T13:04:22","disableAuth":false},"background_monitoring":{"name":"background_monitoring","version":"2025-08-28T04:56:30","disableAuth":false},"saved_articles":{"name":"saved_articles","version":"2025-09-01T05:27:45","disableAuth":false},"classification_workflows":{"name":"classification_workflows","version":"2025-09-29T18:18:51","disableAuth":false},"pricing_configuration":{"name":"pricing_configuration","version":"2025-09-01T10:32:23","disableAuth":false},"admin_dashboard":{"name":"admin_dashboard","version":"2025-09-29T11:02:37","disableAuth":false},"badge_management":{"name":"badge_management","version":"2025-09-01T12:50:29","disableAuth":false},"enhanced_metadata":{"name":"enhanced_metadata","version":"2025-07-19T06:53:15","disableAuth":false},"admin_tasks":{"name":"admin_tasks","version":"2025-08-24T05:36:21","disableAuth":false},"cross_references":{"name":"cross_references","version":"2025-08-12T12:42:47","disableAuth":false},"validation":{"name":"validation","version":"2025-08-22T07:10:51","disableAuth":false},"classification_notes":{"name":"classification_notes","version":"2025-08-30T05:39:43","disableAuth":false},"document_alerts":{"name":"document_alerts","version":"2025-09-01T12:50:30","disableAuth":false},"monitoring":{"name":"monitoring","version":"2025-08-28T05:26:38","disableAuth":false},"predictive_analytics":{"name":"predictive_analytics","version":"2025-08-28T05:30:00","disableAuth":false},"module_pricing":{"name":"module_pricing","version":"2025-08-26T12:02:21","disableAuth":false},"image_upload":{"name":"image_upload","version":"2025-09-25T18:54:35","disableAuth":false},"excel_export":{"name":"excel_export","version":"2025-09-01T13:04:25","disableAuth":false}}}